{
  "correlations": {
    "overall": {
      "json": {
        "sr": {
          "pearson_r": 0.286464435418338,
          "pearson_p": 0.0038592493444947894,
          "spearman_r": 0.28646443541833805,
          "spearman_p": 0.0038592493444947703,
          "n": 100
        },
        "osr": {
          "pearson_r": 0.18603525702212514,
          "pearson_p": 0.06385713656736022,
          "spearman_r": 0.18603525702212512,
          "spearman_p": 0.06385713656736011,
          "n": 100
        },
        "ne": {
          "pearson_r": -0.3096394330553565,
          "pearson_p": 0.0017192010019443091,
          "spearman_r": -0.31842122430070735,
          "spearman_p": 0.0012437549892163277,
          "n": 100
        },
        "sdtw": {
          "pearson_r": 0.27985481525835515,
          "pearson_p": 0.004803236037171725,
          "spearman_r": 0.28597259297372646,
          "spearman_p": 0.003923298929408998,
          "n": 100
        },
        "ndtw": {
          "pearson_r": 0.24566629832318546,
          "pearson_p": 0.013752784295899897,
          "spearman_r": 0.2894745111794323,
          "spearman_p": 0.0034872414544365356,
          "n": 100
        }
      },
      "textual": {
        "sr": {
          "pearson_r": null,
          "pearson_p": null,
          "spearman_r": null,
          "spearman_p": null,
          "n": 0
        },
        "osr": {
          "pearson_r": null,
          "pearson_p": null,
          "spearman_r": null,
          "spearman_p": null,
          "n": 0
        },
        "ne": {
          "pearson_r": null,
          "pearson_p": null,
          "spearman_r": null,
          "spearman_p": null,
          "n": 0
        },
        "sdtw": {
          "pearson_r": null,
          "pearson_p": null,
          "spearman_r": null,
          "spearman_p": null,
          "n": 0
        },
        "ndtw": {
          "pearson_r": null,
          "pearson_p": null,
          "spearman_r": null,
          "spearman_p": null,
          "n": 0
        }
      },
      "graph_vis": {
        "sr": {
          "pearson_r": null,
          "pearson_p": null,
          "spearman_r": null,
          "spearman_p": null,
          "n": 0
        },
        "osr": {
          "pearson_r": null,
          "pearson_p": null,
          "spearman_r": null,
          "spearman_p": null,
          "n": 0
        },
        "ne": {
          "pearson_r": null,
          "pearson_p": null,
          "spearman_r": null,
          "spearman_p": null,
          "n": 0
        },
        "sdtw": {
          "pearson_r": null,
          "pearson_p": null,
          "spearman_r": null,
          "spearman_p": null,
          "n": 0
        },
        "ndtw": {
          "pearson_r": null,
          "pearson_p": null,
          "spearman_r": null,
          "spearman_p": null,
          "n": 0
        }
      },
      "grid": {
        "sr": {
          "pearson_r": null,
          "pearson_p": null,
          "spearman_r": null,
          "spearman_p": null,
          "n": 0
        },
        "osr": {
          "pearson_r": null,
          "pearson_p": null,
          "spearman_r": null,
          "spearman_p": null,
          "n": 0
        },
        "ne": {
          "pearson_r": null,
          "pearson_p": null,
          "spearman_r": null,
          "spearman_p": null,
          "n": 0
        },
        "sdtw": {
          "pearson_r": null,
          "pearson_p": null,
          "spearman_r": null,
          "spearman_p": null,
          "n": 0
        },
        "ndtw": {
          "pearson_r": null,
          "pearson_p": null,
          "spearman_r": null,
          "spearman_p": null,
          "n": 0
        }
      }
    },
    "easy": {
      "json": {
        "sr": {
          "pearson_r": 0.30338097731873215,
          "pearson_p": 0.03408462372254118,
          "spearman_r": 0.3033809773187321,
          "spearman_p": 0.03408462372254124,
          "n": 49
        },
        "osr": {
          "pearson_r": 0.24771684715343106,
          "pearson_p": 0.08614108859240223,
          "spearman_r": 0.24771684715343112,
          "spearman_p": 0.08614108859240205,
          "n": 49
        },
        "ne": {
          "pearson_r": -0.43981731977581495,
          "pearson_p": 0.001566346197686574,
          "spearman_r": -0.30791760061213963,
          "spearman_p": 0.03136757639640567,
          "n": 49
        },
        "sdtw": {
          "pearson_r": 0.31363490048842513,
          "pearson_p": 0.028201845618956663,
          "spearman_r": 0.27982872870249836,
          "spearman_p": 0.05149488109203791,
          "n": 49
        },
        "ndtw": {
          "pearson_r": 0.3854562905300585,
          "pearson_p": 0.006235918281017607,
          "spearman_r": 0.30791760061213963,
          "spearman_p": 0.03136757639640567,
          "n": 49
        }
      },
      "textual": {
        "sr": {
          "pearson_r": null,
          "pearson_p": null,
          "spearman_r": null,
          "spearman_p": null,
          "n": 0
        },
        "osr": {
          "pearson_r": null,
          "pearson_p": null,
          "spearman_r": null,
          "spearman_p": null,
          "n": 0
        },
        "ne": {
          "pearson_r": null,
          "pearson_p": null,
          "spearman_r": null,
          "spearman_p": null,
          "n": 0
        },
        "sdtw": {
          "pearson_r": null,
          "pearson_p": null,
          "spearman_r": null,
          "spearman_p": null,
          "n": 0
        },
        "ndtw": {
          "pearson_r": null,
          "pearson_p": null,
          "spearman_r": null,
          "spearman_p": null,
          "n": 0
        }
      },
      "graph_vis": {
        "sr": {
          "pearson_r": null,
          "pearson_p": null,
          "spearman_r": null,
          "spearman_p": null,
          "n": 0
        },
        "osr": {
          "pearson_r": null,
          "pearson_p": null,
          "spearman_r": null,
          "spearman_p": null,
          "n": 0
        },
        "ne": {
          "pearson_r": null,
          "pearson_p": null,
          "spearman_r": null,
          "spearman_p": null,
          "n": 0
        },
        "sdtw": {
          "pearson_r": null,
          "pearson_p": null,
          "spearman_r": null,
          "spearman_p": null,
          "n": 0
        },
        "ndtw": {
          "pearson_r": null,
          "pearson_p": null,
          "spearman_r": null,
          "spearman_p": null,
          "n": 0
        }
      },
      "grid": {
        "sr": {
          "pearson_r": null,
          "pearson_p": null,
          "spearman_r": null,
          "spearman_p": null,
          "n": 0
        },
        "osr": {
          "pearson_r": null,
          "pearson_p": null,
          "spearman_r": null,
          "spearman_p": null,
          "n": 0
        },
        "ne": {
          "pearson_r": null,
          "pearson_p": null,
          "spearman_r": null,
          "spearman_p": null,
          "n": 0
        },
        "sdtw": {
          "pearson_r": null,
          "pearson_p": null,
          "spearman_r": null,
          "spearman_p": null,
          "n": 0
        },
        "ndtw": {
          "pearson_r": null,
          "pearson_p": null,
          "spearman_r": null,
          "spearman_p": null,
          "n": 0
        }
      }
    },
    "medium": {
      "json": {
        "sr": {
          "pearson_r": 0.3324963368250692,
          "pearson_p": 0.04138863302462722,
          "spearman_r": 0.3324963368250692,
          "spearman_p": 0.04138863302462711,
          "n": 38
        },
        "osr": {
          "pearson_r": 0.0449466574975495,
          "pearson_p": 0.7887380986008288,
          "spearman_r": 0.044946657497549475,
          "spearman_p": 0.788738098600828,
          "n": 38
        },
        "ne": {
          "pearson_r": -0.060319016446953574,
          "pearson_p": 0.7190429475782012,