{
  "total_instructions": 100,
  "distance_threshold": 25.0,
  "distance_thresholds": [
    25,
    50,
    100,
    150
  ],
  "nav_success_threshold": 25,
  "by_method": {
    "json": {
      "total": 100,
      "completely_wrong": 0,
      "endpoint_correct": 74,
      "avg_overlap_ratio": 0.9170679910530759,
      "avg_f1": 0.9029394913058788,
      "avg_sequence_overlap": 0.9170679910530759,
      "avg_endpoint_distance": 41.31981442672349,
      "endpoint_distances": [
        0.0,
        0.0,
        9.755114563023753,
        72.75532686398977,
        9.927640914996607,
        68.97129523287907,
        429.2200158995403,
        112.45466337710383,
        10.1304987398586,
        0.0,
        0.0,
        0.0,
        87.06612736169438,
        0.0,
        0.0,
        300.6606906043557,
        210.02692630062978,
        211.44236956937397,
        202.39737354593163,
        10.087372365813119,
        0.0,
        0.0,
        0.0,
        10.120449011271738,
        20.085621069720922,
        219.92976744974112,
        10.32186446358397,
        19.706208934493535,
        31.00361766148856,
        0.0,
        9.760056802537433,
        0.0,
        0.0,
        0.0,
        0.0,
        19.573860898920522,
        19.525513474118917,
        0.0,
        16.948919884392858,
        10.717360351447734,
        10.557164083173891,
        0.0,
        29.360342373202368,
        0.0,
        0.0,
        10.58925906696542,
        0.0,
        19.163645565484142,
        10.03047161248779,
        0.0,
        157.80918386344632,
        9.98635730894243,
        9.849793968673785,
        0.0,
        0.0,
        48.838490490653996,
        10.055782310310384,
        0.0,
        199.1474294468694,
        0.0,
        10.282918847433239,
        0.0,
        0.0,
        0.0,
        0.0,
        85.1295162394433,
        0.0,
        0.0,
        100.57145517778727,
        296.57162803226134,
        0.0,
        69.73108818918355,
        82.34887096725747,
        9.9025034128682,
        158.52251901061928,
        10.171841824054363,
        0.0,
        85.67749458988465,
        0.0,
        63.45265587709238,
        0.0,
        9.611885470820983,
        0.0,
        0.0,
        0.0,
        10.207471484707138,
        133.25489342227976,
        0.0,
        0.0,
        10.142304215410997,
        18.869018351670984,
        210.97313711038254,
        21.30259092854687,
        0.0,
        22.526554108935063,
        0.0,
        10.138343475596308,
        0.0,
        9.763050143532471,
        64.85312636146288
      ],
      "correct_by_threshold": {
        "25": 74,
        "50": 77,
        "100": 86,
        "150": 89
      },
      "navigation_errors": [
        0.0,
        0.0,
        9.755114563023753,
        72.75532686398977,
        9.927640914996607,
        68.97129523287907,
        429.2200158995403,
        112.45466337710383,
        10.1304987398586,
        0.0,
        0.0,
        0.0,
        87.06612736169438,
        0.0,
        0.0,
        300.6606906043557,
        210.02692630062978,
        211.44236956937397,
        202.39737354593163,
        10.087372365813119,
        0.0,
        0.0,
        0.0,
        10.120449011271738,
        20.085621069720922,
        219.92976744974112,
        10.32186446358397,
        19.706208934493535,
        31.00361766148856,
        0.0,
        9.760056802537433,
        0.0,
        0.0,
        0.0,
        0.0,
        19.573860898920522,
        19.525513474118917,
        0.0,
        16.948919884392858,
        10.717360351447734,
        10.557164083173891,
        0.0,
        29.360342373202368,
        0.0,
        0.0,
        10.58925906696542,
        0.0,
        19.163645565484142,
        10.03047161248779,
        0.0,
        157.80918386344632,
        9.98635730894243,
        9.849793968673785,
        0.0,
        0.0,
        48.838490490653996,
        10.055782310310384,
        0.0,
        199.1474294468694,
        0.0,
        10.282918847433239,
        0.0,
        0.0,
        0.0,
        0.0,
        85.1295162394433,
        0.0,
        0.0,
        100.57145517778727,
        296.57162803226134,
        0.0,
        69.73108818918355,
        82.34887096725747,
        9.9025034128682,
        158.52251901061928,
        10.171841824054363,
        0.0,
        85.67749458988465,
        0.0,
        63.45265587709238,
        0.0,
        9.611885470820983,
        0.0,
        0.0,
        0.0,
        10.207471484707138,
        133.25489342227976,
        0.0,
        0.0,
        10.142304215410997,
        18.869018351670984,
        210.97313711038254,
        21.30259092854687,
        0.0,
        22.526554108935063,
        0.0,
        10.138343475596308,
        0.0,
        9.763050143532471,
        64.85312636146288
      ],
      "success_count": 74,
      "oracle_success_count": 82,
      "sdtw_values": [
        1.0,
        1.0,
        0.9764347966376868,
        0.0,
        0.972044377707155,
        0.0,
        0.0,
        0.0,
        0.9760452279317654,
        1.0,
        1.0,
        1.0,
        0.0,
        1.0,
        1.0,
        0.0,
        0.0,
        0.0,
        0.0,
        0.9757408847278641,
        1.0,
        1.0,
        1.0,
        0.9741476166010956,
        0.9243216459644815,
        0.0,
        0.9665110311836785,
        0.906705063514686,
        0.0,
        1.0,
        0.9759855435748721,
        1.0,
        1.0,
        1.0,
        1.0,
        0.9294805776553949,
        0.9224386309358341,
        0.01914703525725243,
        0.5881067777538447,
        0.9755491974733409,
        0.9744439195580131,
        1.0,
        0.0,
        1.0,
        1.0,
        0.9729124824168246,
        1.0,
        0.9323358132486815,
        0.9716350090032009,
        1.0,
        0.0,
        0.9697706064790406,
        0.9725813656942552,
        1.0,
        1.0,
        0.0,
        0.9763739873740027,
        1.0,
        0.0,
        1.0,
        0.9695024768152944,
        1.0,
        1.0,
        1.0,
        1.0,
        0.0,
        1.0,
        1.0,
        0.0,
        0.0,
        1.0,
        0.0,
        0.0,
        0.9698818069055791,
        0.0,
        0.9739704427938715,
        1.0,
        0.0,
        1.0,
        0.0,
        1.0,
        0.9754779258600879,
        1.0,
        1.0,
        1.0,
        0.9710157253742977,
        0.0,
        1.0,
        1.0,
        0.9743842412914983,
        0.9330777227915503,
        0.0,
        0.9003399341450793,
        1.0,
        0.9033136418985298,
        1.0,
        0.9729497544271108,
        1.0,
        0.9710074091569553,
        0.0
      ],