{
  "by_difficulty": {
    "easy": {
      "json": {
        "total": 49,
        "navigation_errors": [
          0.0,
          0.0,
          9.755114563023753,
          72.75532686398977,
          9.927640914996607,
          10.1304987398586,
          0.0,
          300.6606906043557,
          210.02692630062978,
          0.0,
          10.120449011271738,
          0.0,
          9.760056802537433,
          0.0,
          0.0,
          19.573860898920522,
          19.525513474118917,
          10.557164083173891,
          0.0,
          0.0,
          0.0,
          0.0,
          19.163645565484142,
          10.03047161248779,
          0.0,
          157.80918386344632,
          9.98635730894243,
          9.849793968673785,
          0.0,
          0.0,
          10.055782310310384,
          199.1474294468694,
          0.0,
          0.0,
          0.0,
          85.1295162394433,
          0.0,
          82.34887096725747,
          9.9025034128682,
          10.171841824054363,
          85.67749458988465,
          0.0,
          63.45265587709238,
          0.0,
          10.142304215410997,
          210.97313711038254,
          21.30259092854687,
          0.0,
          64.85312636146288
        ],
        "success_count": 38,
        "oracle_success_count": 42,
        "sdtw_values": [
          1.0,
          1.0,
          0.9764347966376868,
          0.0,
          0.972044377707155,
          0.9760452279317654,
          1.0,
          0.0,
          0.0,
          1.0,
          0.9741476166010956,
          1.0,
          0.9759855435748721,
          1.0,
          1.0,
          0.9294805776553949,
          0.9224386309358341,
          0.9744439195580131,
          1.0,
          1.0,
          1.0,
          1.0,
          0.9323358132486815,
          0.9716350090032009,
          1.0,
          0.0,
          0.9697706064790406,
          0.9725813656942552,
          1.0,
          1.0,
          0.9763739873740027,
          0.0,
          1.0,
          1.0,
          1.0,
          0.0,
          1.0,
          0.0,
          0.9698818069055791,
          0.9739704427938715,
          0.0,
          1.0,
          0.0,
          1.0,
          0.9743842412914983,
          0.0,
          0.9003399341450793,
          1.0,
          0.0
        ],
        "ndtw_values": [
          1.0,
          1.0,
          0.9764347966376868,
          0.4681335675751977,
          0.972044377707155,
          0.9760452279317654,
          1.0,
          3.0958772062885617e-06,
          0.004711168858092918,
          1.0,
          0.9741476166010956,
          1.0,
          0.9759855435748721,
          1.0,
          1.0,
          0.9294805776553949,
          0.9224386309358341,
          0.9744439195580131,
          1.0,
          1.0,
          1.0,
          1.0,
          0.9323358132486815,
          0.9716350090032009,
          1.0,
          0.019277094979106433,
          0.9697706064790406,
          0.9725813656942552,
          1.0,
          1.0,
          0.9763739873740027,
          0.0021467452473703567,
          1.0,
          1.0,
          1.0,
          0.0064965864984684,
          1.0,
          0.09477595260279777,
          0.9698818069055791,
          0.9739704427938715,
          0.2784687485105407,
          1.0,
          0.5231365164399564,
          1.0,
          0.9743842412914983,
          0.0034072577588230824,
          0.9003399341450793,
          1.0,
          0.5854676235931413
        ],
        "avg_navigation_error": 35.567141793050915,
        "success_rate": 0.7755102040816326,
        "oracle_success_rate": 0.8571428571428571,
        "avg_sdtw": 0.7620876305619801,
        "avg_ndtw": 0.8026187399077085
      },
      "textual": {
        "total": 0,
        "navigation_errors": [],
        "success_count": 0,
        "oracle_success_count": 0,
        "sdtw_values": [],
        "ndtw_values": [],
        "avg_navigation_error": Infinity,
        "success_rate": 0.0,
        "oracle_success_rate": 0.0,
        "avg_sdtw": 0.0,
        "avg_ndtw": 0.0
      },
      "graph_vis": {
        "total": 0,
        "navigation_errors": [],
        "success_count": 0,
        "oracle_success_count": 0,
        "sdtw_values": [],
        "ndtw_values": [],
        "avg_navigation_error": Infinity,
        "success_rate": 0.0,
        "oracle_success_rate": 0.0,
        "avg_sdtw": 0.0,
        "avg_ndtw": 0.0
      },
      "grid": {
        "total": 0,
        "navigation_errors": [],
        "success_count": 0,
        "oracle_success_count": 0,
        "sdtw_values": [],
        "ndtw_values": [],
        "avg_navigation_error": Infinity,
        "success_rate": 0.0,
        "oracle_success_rate": 0.0,
        "avg_sdtw": 0.0,
        "avg_ndtw": 0.0
      }
    },
    "medium": {
      "json": {
        "total": 38,
        "navigation_errors": [
          112.45466337710383,
          0.0,
          0.0,
          0.0,
          87.06612736169438,
          0.0,
          0.0,
          20.085621069720922,
          219.92976744974112,
          10.32186446358397,
          19.706208934493535,
          31.00361766148856,
          0.0,
          0.0,
          0.0,
          16.948919884392858,
          10.717360351447734,
          29.360342373202368,
          10.58925906696542,
          48.838490490653996,
          10.282918847433239,
          0.0,
          0.0,
          296.57162803226134,
          69.73108818918355,
          0.0,
          0.0,
          9.611885470820983,
          0.0,
          0.0,
          0.0,
          10.207471484707138,
          133.25489342227976,
          0.0,
          18.869018351670984,
          0.0,
          0.0,
          10.138343475596308
        ],
        "success_count": 29,
        "oracle_success_count": 32,
        "sdtw_values": [
          0.0,
          1.0,
          1.0,
          1.0,
          0.0,
          1.0,
          1.0,
          0.9243216459644815,
          0.0,
          0.9665110311836785,
          0.906705063514686,
          0.0,
          1.0,
          1.0,
          0.01914703525725243,
          0.5881067777538447,
          0.9755491974733409,
          0.0,
          0.9729124824168246,
          0.0,
          0.9695024768152944,
          1.0,
          1.0,
          0.0,
          0.0,
          1.0,
          1.0,
          0.9754779258600879,
          1.0,
          1.0,
          1.0,
          0.9710157253742977,
          0.0,
          1.0,
          0.9330777227915503,
          1.0,
          1.0,
          0.9729497544271108
        ],
        "ndtw_values": [
          0.015761171943851023,
          1.0,
          1.0,
          1.0,
          0.00025791910632435276,
          1.0,
          1.0,
          0.9243216459644815,
          0.0029313527555961012,
          0.9665110311836785,
          0.906705063514686,
          0.8353801937754004,
          1.0,
          1.0,
          0.01914703525725243,
          0.5881067777538447,
          0.9755491974733409,
          0.8650021111082583,
          0.9729124824168246,
          0.6569737962050414,
          0.9695024768152944,
          1.0,
          1.0,
          0.00023563628672866152,
          0.4347380285444029,
          1.0,
          1.0,
          0.9754779258600879,
          1.0,
          1.0,
          1.0,
          0.9710157253742977,
          0.024659699629244268,
          1.0,
          0.9330777227915503,
          1.0,
          1.0,
          0.9729497544271108
        ],
        "avg_navigation_error": 30.939197098906362,
        "success_rate": 0.7631578947368421,
        "oracle_success_rate": 0.8421052631578947,
        "avg_sdtw": 0.7151388641798014,
        "avg_ndtw": 0.7897688617944025
      },
      "textual": {
        "total": 0,
        "navigation_errors": [],
        "success_count": 0,
        "oracle_success_count": 0,
        "sdtw_values": [],